605288,N凯迪
688588,凌志软件
688318,财富趋势
688158,优刻得-W
688021,奥福环保
688123,聚辰股份
688258,卓易信息
688200,XD华峰测
688365,光云科技
300090,盛运环保
300431,暴风集团
600415,小商品城
002071,长城影视
002366,台海核电
600986,科达股份
600337,美克家居
601908,京运通
002488,金固股份
000905,厦门港务
603969,银龙股份
300072,三聚环保
603828,柯利达
002583,海能达
300182,捷成股份
600983,惠而浦
002183,怡 亚 通
600100,同方股份
603366,日出东方
300002,神州泰岳
000996,中国中期
600418,江淮汽车
600715,文投控股
002187,广百股份
300293,蓝英装备
002530,金财互联
603697,有友食品
002137,麦达数字
002351,漫步者
600834,申通地铁
002654,万润科技
601696,中银证券
000501,鄂武商Ａ
603178,圣龙股份
300654,世纪天鸿
300805,电声股份
300270,中威电子
600804,鹏博士
002605,姚记科技
002236,大华股份
002291,星期六
002163,中航三鑫
603277,银都股份
603181,皇马科技
002947,恒铭达
600556,天下秀
300097,智云股份
002036,联创电子
300346,南大光电
603519,立霸股份
603301,振德医疗
600521,华海药业
300835,龙磁科技
300575,中旗股份
603129,春风动力
601236,红塔证券
002466,天齐锂业
300526,中潜股份
300373,扬杰科技
300684,中石科技
002950,奥美医疗
300751,迈为股份
603855,华荣股份
603506,南都物业
603383,顶点软件
603083,剑桥科技
300816,艾可蓝
300803,指南针
300709,精研科技
300543,朗科智能
300525,博思软件
300459,金科文化
300433,蓝思科技
300244,迪安诊断
300115,长盈精密
002074,国轩高科
002990,盛视科技
603392,万泰生物
002913,奥士康
605168,三人行
002938,鹏鼎控股
300763,锦浪科技
300136,信维通信
002920,德赛西威
000636,风华高科
603396,金辰股份
603283,赛腾股份
600446,金证股份
002273,水晶光电
300755,华致酒行
603416,信捷电气
300836,佰奥智能
000796,凯撒旅业
002635,安洁科技
600198,大唐电信
603528,多伦科技
002400,省广集团
300781,因赛集团
000613,大东海A
002384,东山精密
002541,鸿路钢构
002951,金时科技
300740,御家汇
603976,正川股份
300521,爱司凯
002481,双塔食品
000951,中国重汽
600859,王府井
601231,环旭电子
000030,富奥股份
002799,环球印务
603788,宁波高发
300207,欣旺达
002600,领益智造
002815,崇达技术
002084,海鸥住工
000732,泰禾集团
002239,奥特佳
000567,海德股份
002699,美盛文化
600318,新力金融
600109,国金证券
600185,格力地产
300432,富临精工
600828,茂业商业
600865,百大集团
300242,佳云科技
002103,广博股份
300367,东方网力
000557,西部创业
000564,供销大集
600055,万东医疗
300088,长信科技
603208,江山欧派
002663,普邦股份
002650,加加食品
002280,联络互动
300724,捷佳伟创
000426,兴业矿业
300390,天华超净
002577,雷柏科技
300063,天龙集团
002079,苏州固锝
688126,沪硅产业-U
603856,东宏股份
603958,哈森股份
600546,山煤国际
300738,奥飞数据
300573,兴齐眼药
688023,XD安恒信
600095,哈高科
002688,金河生物
688025,杰普特
002601,龙蟒佰利
300033,同花顺
688019,安集科技
300413,芒果超媒
603030,全筑股份
600409,三友化工
300059,东方财富
688058,宝兰德
300476,胜宏科技
002045,国光电器
300492,华图山鼎
603069,海汽集团
300297,蓝盾股份
300377,赢时胜
002456,欧菲光
603566,普莱柯
000034,神州数码
000090,天健集团
300696,爱乐达
300703,创源文化
300044,赛为智能
600350,山东高速
600330,天通股份
603611,诺力股份
000910,大亚圣象
688598,金博股份
600703,三安光电
600895,张江高科
600506,香梨股份
000603,盛达资源
603669,灵康药业
002592,八菱科技
601990,南京证券
002475,立讯精密
300379,东方通
600966,博汇纸业
603626,科森科技
002226,江南化工
688300,联瑞新材
300493,润欣科技
002015,协鑫能科
002241,歌尔股份
600699,均胜电子
002185,华天科技
000158,常山北明
603890,春秋电子
002747,埃斯顿
300632,光莆股份
603179,新泉股份
002338,奥普光电
300190,维尔利
300548,博创科技
300171,东富龙
300343,联创股份
300502,新易盛
603533,掌阅科技
300643,万通智控
300457,赢合科技
600639,浦东金桥
300671,富满电子
002866,传艺科技
300200,高盟新材
603238,诺邦股份
300639,凯普生物
688516,奥特维
300252,金信诺
300759,康龙化成
603138,海量数据
002897,意华股份
002266,浙富控股
300596,利安隆
600537,亿晶光电
300731,科创新源
300513,恒实科技
688030,山石网科
688037,芯源微
603385,惠达卫浴
688118,普元信息
300257,开山股份
000858,五 粮 液
002129,中环股份
002959,小熊电器
688166,博瑞医药
688001,华兴源创
000802,北京文化
002563,森马服饰
688018,乐鑫科技
000063,中兴通讯
300623,捷捷微电
688008,澜起科技
603466,风语筑
002861,瀛通通讯
002878,元隆雅图
603678,火炬电子
300617,安靠智电
002975,博杰股份
603721,中广天择
002308,威创股份
002028,思源电气
600380,健康元
603297,永新光学
300590,移为通信
603136,天目湖
300598,诚迈科技
002847,盐津铺子
000886,海南高速
300319,麦捷科技
603986,兆易创新
300438,鹏辉能源
300769,德方纳米
300635,中达安
600720,祁连山
002180,纳思达
000007,全新好
300037,新宙邦
600621,华鑫股份
000969,安泰科技
300566,激智科技
300793,佳禾智能
603538,美诺华
300701,森霸传感
300113,顺网科技
603536,惠发食品
000049,德赛电池
002229,鸿博股份
300791,仙乐健康
603168,莎普爱思
600183,生益科技
603920,世运电路
002279,久其软件
300089,文化长城
300613,富瀚微
002281,光迅科技
300686,智动力
002330,得利斯
000810,创维数字
601066,中信建投
600114,东睦股份
002715,登云股份
601519,大智慧
601162,天风证券
000823,超声电子
002643,万润股份
002729,好利来
300043,星辉娱乐
300673,佩蒂股份
603133,碳元科技
000676,智度股份
603685,晨丰科技
002981,朝阳科技
688116,天奈科技
688357,建龙微纳
688002,睿创微纳
603330,上海天洋
000733,振华科技
002396,星网锐捷
603315,福鞍股份
002429,兆驰股份
688333,铂力特
300823,建科机械
603696,安记食品
002846,英联股份
603936,博敏电子
300083,劲胜智能
300081,恒信东方
300603,立昂技术
300149,量子生物
603638,DR艾迪精
300682,朗新科技
002517,恺英网络
002503,搜于特
600667,太极实业
300341,麦克奥迪
300160,秀强股份
000725,京东方Ａ
002343,慈文传媒
300638,广和通
300416,苏试试验
300147,香雪制药
688299,长阳科技
688288,鸿泉物联
300331,苏大维格
002837,英维克
603486,科沃斯
300572,安车检测
300118,东方日升
603806,福斯特
000736,中交地产
603583,捷昌驱动
002679,福建金森
600570,恒生电子
002581,未名医药
603090,宏盛股份
688298,东方生物
002008,大族激光
688159,有方科技
300592,华凯创意
300322,硕贝德
002718,友邦吊顶
300570,太辰光
002961,瑞达期货
002987,京北方
300132,青松股份
300054,鼎龙股份
603093,南华期货
603106,恒银金融
300559,佳发教育
600641,万业企业
688100,威胜信息
002194,武汉凡谷
002365,永安药业
300229,拓尔思
000851,高鸿股份
603306,华懋科技
002431,棕榈股份
300735,光弘科技
300538,同益股份
300456,赛微电子
000921,海信家电
002770,科迪乳业
603189,网达软件
002661,克明面业
002640,跨境通
603496,恒为科技
002083,孚日股份
002498,汉缆股份
002855,捷荣技术
600614,*ST鹏起
601208,东材科技
300628,亿联网络
002174,游族网络
603658,安图生物
002591,恒大高新
002662,京威股份
002626,金达威
300679,电连技术
300464,星徽精密
300429,强力新材
300674,宇信科技
002926,华西证券
603808,歌力思
300303,聚飞光电
002049,紫光国微
002579,中京电子
603530,神马电力
002516,旷达科技
603203,快克股份
300256,星星科技
300161,华中数控
002447,*ST晨鑫
600107,美尔雅
300143,盈康生命
300487,蓝晓科技
600745,闻泰科技
688006,杭可科技
688396,华润微
600112,ST天成
688089,嘉必优
600588,用友网络
603228,景旺电子
002301,齐心集团
000987,越秀金控
002356,*ST赫美
002332,仙琚制药
002515,金字火腿
000806,*ST银河
300739,明阳电路
002702,海欣食品
300058,蓝色光标
300265,通光线缆
688369,致远互联
002685,华东重机
300327,中颖电子
300051,三五互联
002716,*ST金贵
603158,腾龙股份
688268,华特气体
300226,上海钢联
603256,宏和科技
002845,同兴达
300462,华铭智能
601808,中海油服
603225,新凤鸣
600383,金地集团
002184,海得控制
000721,西安饮食
002375,亚厦股份
603660,苏州科达
002653,海思科
002217,合力泰
002188,*ST巴士
603167,渤海轮渡
300647,超频三
002824,和胜股份
002796,世嘉科技
600083,*ST博信
300509,新美星
688111,金山办公
002571,德力股份
600864,哈投股份
603035,常熟汽饰
600831,广电网络
600836,*ST界龙
601878,浙商证券
300098,高新兴
000585,*ST东电
603825,华扬联众
600741,华域汽车
600584,长电科技
601919,中远海控
000679,*ST友谊
300285,国瓷材料
600152,维科技术
300078,思创医惠
688368,晶丰明源
300420,五洋停车
002496,*ST辉丰
300474,景嘉微
002642,*ST荣联
002072,*ST凯瑞
688051,佳华科技
603829,洛凯股份
000016,深康佳Ａ
002657,中科金财
603688,石英股份
600289,*ST信通
300494,盛天网络
603221,爱丽家居
688222,成都先导
600416,*ST湘电
600421,ST仰帆
002929,润建股份
002065,东华软件
300316,晶盛机电
300440,运达科技
002292,奥飞娱乐
600898,*ST美讯
600640,号百控股
603218,日月股份
688228,开普云
300602,飞荣达
002818,富森美
000408,*ST藏格
002359,*ST北讯
600136,当代文体
688566,吉贝尔
002584,西陇科学
002586,*ST围海
600597,光明乳业
300672,国科微
603429,集友股份
300338,开元股份
603719,良品铺子
601108,财通证券
000526,紫光学大
000953,*ST河化
300296,利亚德
600576,祥源文化
002122,*ST天马
000673,*ST当代
300031,宝通科技
000061,农 产 品
002080,中材科技
603309,维力医疗
300604,长川科技
688168,安博通
300036,超图软件
002034,旺能环境
002201,九鼎新材
300302,同有科技
300151,昌红科技
600511,国药股份
000587,*ST金洲
688081,兴图新科
000686,东北证券
002537,海联金汇
002436,兴森科技
002970,锐明技术
300565,科信技术
300537,广信材料
002354,*ST天娱
603229,奥翔药业
002739,万达电影
600896,览海医疗
600456,宝钛股份
300310,宜通世纪
688099,晶晨股份
300576,容大感光
000739,普洛药业
300396,迪瑞医疗
300014,亿纬锂能
000682,东方电子
300064,豫金刚石
300042,朗科科技
603912,佳力图
600338,西藏珠峰
600206,有研新材
300442,普丽盛
603667,五洲新春
600360,华微电子
002160,常铝股份
600498,烽火通信
300235,方直科技
300140,中环装备
002575,ST群兴
601137,博威合金
600522,中天科技
002865,钧达股份
600179,*ST安通
300787,海能实业
600754,锦江酒店
002649,博彦科技
000046,泛海控股
000789,万年青
600695,绿庭投资
601881,中国银河
002397,梦洁股份
603118,共进股份
603559,中通国脉
600662,强生控股
300148,天舟文化
002261,拓维信息
002048,宁波华翔
002156,通富微电
601555,东吴证券
600909,华安证券
002055,得润电子
300204,舒泰神
688020,方邦股份
603766,隆鑫通用
002306,ST云网
300101,振芯科技
002362,汉王科技
603603,博天环境
603042,华脉科技
000568,泸州老窖
000977,浪潮信息
002808,恒久科技
603602,纵横通信
002449,国星光电
300832,新产业
300458,全志科技
603803,瑞斯康达
002888,惠威科技
300348,长亮科技
300219,鸿利智汇
300729,乐歌股份
300251,光线传媒
300183,东软载波
603318,派思股份
002134,天津普林
000839,中信国安
000609,中迪投资
300188,美亚柏科
002263,*ST东南
603617,君禾股份
002641,永高股份
002107,沃华医药
300397,天和防务
300017,网宿科技
300540,深冷股份
600237,铜峰电子
603882,金域医学
000050,深天马Ａ
002905,金逸影视
300536,农尚环境
300134,大富科技
300624,万兴科技
600113,浙江东日
002945,华林证券
603078,江化微
300467,迅游科技
002957,科瑞技术
002415,海康威视
300085,银之杰
300223,北京君正
300212,易华录
600712,南宁百货
300829,金丹科技
600825,新华传媒
300680,隆盛科技
300398,飞凯材料
001696,宗申动力
688358,祥生医疗
300782,卓胜微
600282,南钢股份
300386,飞天诚信
002480,新筑股份
300023,宝德股份
300828,锐新科技
002335,科华恒盛
600803,新奥股份
300217,东方电热
600827,百联股份
000662,天夏智慧
000166,申万宏源
300034,钢研高纳
002093,国脉科技
002522,浙江众成
000518,四环生物
300812,易天股份
300350,华鹏飞
300258,精锻科技
688012,中微公司
300020,银江股份
300815,玉禾田
600770,综艺股份
600268,国电南自
688015,交控科技
002197,证通电子
002939,长城证券
002655,共达电声
002792,通宇通讯
002638,勤上股份
603787,新日股份
300356,光一科技
603068,博通集成
300384,三联虹普
603019,中科曙光
002158,汉钟精机
600221,海航控股
000700,模塑科技
600517,国网英大
000750,国海证券
603633,徕木股份
600155,华创阳安
002212,南洋股份
300726,宏达电子
000555,神州信息
300332,天壕环境
300102,乾照光电
002168,惠程科技
603868,飞科电器
000800,一汽解放
002092,中泰化学
600242,中昌数据
002094,青岛金王
300073,当升科技
002405,四维图新
300504,天邑股份
300446,乐凯新材
300468,四方精创
002402,和而泰
002835,同为股份
300702,天宇股份
002127,南极电商
000892,欢瑞世纪
000826,启迪环境
600571,信雅达
600768,宁波富邦
300196,长海股份
002490,山东墨龙
600814,杭州解百
300366,创意信息
002619,艾格拉斯
300239,东宝生物
603608,天创时尚
002547,春兴精工
300562,乐心医疗
603266,天龙股份
300025,华星创业
600086,东方金钰
300811,铂科新材
603690,至纯科技
300317,珈伟新能
300460,惠伦晶体
300707,威唐工业
002063,远光软件
300599,雄塑科技
002670,国盛金控
300041,回天新材
002329,皇氏集团
300202,聚龙股份
603267,鸿远电子
688178,万德斯
300342,天银机电
300232,洲明科技
002979,雷赛智能
002491,通鼎互联
002489,浙江永强
300550,和仁科技
603308,应流股份
300655,晶瑞股份
688128,中国电研
601099,太平洋
300455,康拓红外
300336,新文化
300593,新雷能
300071,华谊嘉信
601028,玉龙股份
000980,众泰汽车
603005,晶方科技
600260,凯乐科技
300241,瑞丰光电
300506,名家汇
300328,宜安科技
600180,瑞茂通
000818,航锦科技
300451,创业慧康
002728,特一药业
688078,龙软科技
603305,旭升股份
300157,恒泰艾普
002777,久远银海
600751,海航科技
600378,昊华科技
300248,新开普
300250,初灵信息
600459,贵研铂业
600258,首旅酒店
300210,森远股份
002115,三维通信
601118,海南橡胶
002463,沪电股份
002636,金安国纪
603326,我乐家居
300155,安居宝
300620,光库科技
600146,商赢环球
603056,德邦股份
300394,天孚通信
600837,海通证券
002364,中恒电气
600774,汉商集团
000889,中嘉博创
300688,创业黑马
603989,艾华集团
600203,福日电子
603618,杭电股份
688138,清溢光电
300411,金盾股份
300510,金冠股份
002776,柏堡龙
300514,友讯达
688003,天准科技
688321,微芯生物
603260,合盛硅业
002916,深南电路
300399,京天利
300324,旋极信息
603501,韦尔股份
002081,金 螳 螂
688036,传音控股
688196,卓越新能
603377,东方时尚
300233,金城医药
300352,北信源
603290,XD斯达半
601799,星宇股份
002043,兔 宝 宝
600438,通威股份
000988,华工科技
603183,建研院
002123,梦网集团
603328,依顿电子
600449,宁夏建材
002460,赣锋锂业
300667,必创科技
688181,八亿时空
603738,泰晶科技
300079,数码科技
600596,新安股份
603123,翠微股份
300162,雷曼光电
002540,亚太科技
300471,厚普股份
600004,白云机场
300095,华伍股份
300333,兆日科技
002317,众生药业
603337,杰克股份
002612,朗姿股份
300822,贝仕达克
603516,淳中科技
002930,宏川智慧
603018,中设集团
300618,寒锐钴业
300133,华策影视
601375,中原证券
300076,GQY视讯
600550,保变电气
600406,国电南瑞
600393,粤泰股份
300349,金卡智能
300368,汇金股份
603177,德创环保
600635,大众公用
300409,道氏技术
002506,协鑫集成
603026,石大胜华
002222,福晶科技
603768,常青股份
600030,中信证券
300501,海顺新材
300260,新莱应材
600742,一汽富维
300470,中密控股
000415,渤海租赁
300742,越博动力
300827,上能电气
002152,广电运通
688189,南新制药
603421,鼎信通讯
600369,西南证券
300465,高伟达
000877,天山股份
300292,吴通控股
600110,诺德股份
600519,贵州茅台
600403,大有能源
300046,台基股份
300663,科蓝软件
002922,伊戈尔
600539,ST狮头
300334,津膜科技
300038,数知科技
603893,瑞芯微
300263,隆华科技
300578,会畅通讯
688007,光峰科技
002721,金一文化
300555,路通视信
002587,奥拓电子
002044,美年健康
000026,飞亚达
002142,宁波银行
002684,*ST猛狮
300330,华虹计通
603898,好莱客
002740,爱迪尔
000021,深科技
002689,远大智能
002344,海宁皮城
688026,洁特生物
600463,空港股份
601828,美凯龙
002731,萃华珠宝
603378,亚士创能
603730,岱美股份
002606,大连电瓷
000040,东旭蓝天
600880,博瑞传播
300730,科创信息
002487,大金重工
002320,海峡股份
002411,延安必康
300360,炬华科技
300481,濮阳惠成
300415,伊之密
300770,新媒股份
300166,东方国信
300817,双飞股份
300503,昊志机电
300237,美晨生态
601179,中国西电
603227,雪峰科技
603598,引力传媒
002062,宏润建设
300706,阿石创
300099,精准信息
300560,中富通
002881,美格智能
002973,侨银环保
002484,江海股份
600460,士兰微
300698,万马科技
002452,长高集团
600129,太极集团
300750,宁德时代
300178,腾邦国际
002544,杰赛科技
002782,可立克
300100,双林股份
300687,赛意信息
002518,科士达
603079,圣达生物
600513,联环药业
300074,华平股份
002494,华斯股份
002980,华盛昌
603859,能科股份
600599,熊猫金控
000671,阳 光 城
000948,南天信息
002783,凯龙股份
603348,文灿股份
601377,兴业证券
600750,江中药业
300656,民德电子
002245,澳洋顺昌
300810,中科海讯
000683,远兴能源
600999,招商证券
603886,元祖股份
603650,彤程新材
600759,洲际油气
688088,虹软科技
002552,宝鼎科技
002972,科安达
300496,中科创达
300389,艾比森
300449,汉邦高科
300383,光环新网
688022,瀚川智能
000728,国元证券
300323,华灿光电
002091,江苏国泰
002288,超华科技
002027,分众传媒
603088,宁波精达
603236,移远通信
603085,天成自控
300040,九洲电气
603630,拉芳家化
002743,富煌钢构
300771,智莱科技
000938,紫光股份
000716,黑芝麻
603938,三孚股份
300820,英杰电气
002392,北京利尔
300165,天瑞仪器
300130,新国都
300552,万集科技
002401,中远海科
603713,密尔克卫
300269,联建光电
300077,国民技术
002353,杰瑞股份
603010,XD万盛股
300508,维宏股份
300022,吉峰科技
300495,美尚生态
300314,戴维医疗
688278,特宝生物
002227,奥 特 迅
300012,华测检测
603444,吉比特
300545,联得装备
300230,永利股份
603662,柯力传感
000011,深物业A
002399,海普瑞
600604,市北高新
000712,锦龙股份
002050,三花智控
300172,中电环保
601086,国芳集团
002309,中利集团
000401,冀东水泥
688005,容百科技
002946,新乳业
300798,锦鸡股份
300075,数字政通
002786,银宝山新
002235,安妮股份
603897,长城科技
000601,韶能股份
000799,酒鬼酒
600536,中国软件
600776,东方通信
603160,汇顶科技
601198,东兴证券
601688,华泰证券
002056,横店东磁
300369,绿盟科技
603960,克来机电
002214,大立科技
603059,倍加洁
002615,哈尔斯
603360,百傲化学
603823,百合花
603105,芯能科技
300009,安科生物
603993,洛阳钼业
600172,黄河旋风
002118,紫鑫药业
000563,陕国投Ａ
300234,开尔新材
601138,工业富联
300069,金利华电
300719,安达维尔
300170,汉得信息
300479,神思电子
002104,恒宝股份
603050,科林电气
300766,每日互动
300561,汇金科技
601788,光大证券
002885,京泉华
600310,桂东电力
300203,聚光科技
300408,三环集团
300825,阿尔特
002459,晶澳科技
300427,红相股份
688096,京源环保
002307,北新路桥
300676,华大基因
603023,威帝股份
002371,北方华创
688101,三达膜
300480,光力科技
000338,潍柴动力
603002,宏昌电子
002413,雷科防务
000100,TCL科技
688086,紫晶存储
300421,力星股份
300622,博士眼镜
300768,迪普科技
600201,生物股份
600873,梅花生物
000672,上峰水泥
603601,再升科技
000632,三木集团
600293,三峡新材
600191,华资实业
002232,启明信息
002139,拓邦股份
002906,华阳集团
603577,汇金通
300376,易事特
002560,通达股份
002953,日丰股份
300762,上海瀚讯
002673,西部证券
002536,飞龙股份
600271,航天信息
603327,福蓉科技
002434,万里扬
688366,昊海生科
603810,丰山集团
002097,山河智能
002613,北玻股份
002797,第一创业
002233,塔牌集团
600882,妙可蓝多
300291,华录百纳
600061,国投资本
002556,辉隆股份
300721,怡达股份
300378,鼎捷软件
002594,比亚迪
300019,硅宝科技
002891,中宠股份
600025,华能水电
603711,香飘飘
300057,万顺新材
002322,理工环科
002373,千方科技
300699,光威复材
300582,英飞特
002231,奥维通信
603220,中贝通信
002545,东方铁塔
600601,方正科技
002482,广田集团
601010,文峰股份
300276,三丰智能
002712,思美传媒
002500,山西证券
603588,高能环境
002676,顺威股份
002672,东江环保
300776,帝尔激光
002510,天汽模
300414,中光防雷
000990,诚志股份
600933,爱柯迪
002733,雄韬股份
300365,恒华科技
002464,众应互联
000795,英洛华
600560,金自天正
300005,探路者
603353,和顺石油
300605,恒锋信息
603003,龙宇燃油
300746,汉嘉设计
300364,中文在线
002969,嘉美包装
002958,青农商行
300507,苏奥传感
600480,凌云股份
600288,大恒科技
002316,亚联发展
002286,保龄宝
000576,广东甘化
000572,*ST 海马
000066,中国长城
002444,巨星科技
002240,威华股份
002199,东晶电子
000859,国风塑业
600958,东方证券
300294,博雅生物
300785,值得买
300187,永清环保
300124,汇川技术
300382,斯莱克
300533,冰川网络
688028,沃尔德
300359,全通教育
300139,晓程科技
300657,弘信电子
600663,陆家嘴
002497,雅化集团
000070,特发信息
300176,派生科技
002925,盈趣科技
002001,新 和 成
600512,腾达建设
600026,中远海能
002648,卫星石化
600363,联创光电
000416,民生控股
300708,聚灿光电
600850,华东电脑
002908,德生科技
600775,南京熊猫
300117,嘉寓股份
300052,中青宝
300789,唐源电气
000400,许继电气
300035,中科电气
601700,风范股份
002555,三七互娱
600297,广汇汽车
300339,润和软件
300245,天玑科技
000923,河钢资源
002368,太极股份
300725,药石科技
688011,新光光电
600352,浙江龙盛
300388,国祯环保
300274,阳光电源
000783,长江证券
600160,巨化股份
002138,顺络电子
600829,人民同泰
002585,双星新材
688218,江苏北人
600128,弘业股份
002314,南山控股
603040,新坐标
603008,喜临门
600810,神马股份
603111,康尼机电
300407,凯发电气
000776,广发证券
000610,西安旅游
300444,双杰电气
300608,思特奇
300001,特锐德
601901,方正证券
600739,辽宁成大
002863,今飞凯达
600312,平高电气
300591,万里马
002305,南国置业
300184,力源信息
002823,凯中精密
600476,湘邮科技
000607,华媒控股
300011,鼎汉技术
600410,华胜天成
603186,华正新材
600487,亨通光电
600705,中航资本
002170,芭田股份
600426,华鲁恒升
300633,开立医疗
002181,粤 传 媒
002315,焦点科技
000820,*ST节能
000078,海王生物
002296,辉煌科技
002725,跃岭股份
002417,深南股份
002268,卫 士 通
603929,亚翔集成
601865,福莱特
603703,盛洋科技
002912,中新赛克
002012,凯恩股份
600345,长江通信
002683,宏大爆破
300557,理工光科
300395,菲利华
603477,振静股份
000960,锡业股份
002772,众兴菌业
300556,丝路视觉
603520,DR司太立
300720,海川智能
300142,沃森生物
600273,嘉化能源
002665,首航高科
688169,石头科技
600638,新黄浦
600818,中路股份
300144,宋城演艺
300287,飞利信
600643,爱建集团
002534,杭锅股份
603982,泉峰汽车
002962,五方光电
002095,生 意 宝
300664,鹏鹞环保
002876,三利谱
300271,华宇软件
002879,长缆科技
603815,交建股份
603185,上机数控
002623,亚玛顿
300418,昆仑万维
603081,大丰实业
000922,佳电股份
601005,重庆钢铁
300301,长方集团
688199,久日新材
002230,科大讯飞
600309,万华化学
002388,新亚制程
600557,康缘药业
002169,智光电气
688266,泽璟制药-U
002465,海格通信
603232,DR格尔软
603557,起步股份
002178,延华智能
600373,中文传媒
600580,卧龙电驱
688310,迈得医疗
002313,日海智能
603712,七一二
688090,瑞松科技
002886,沃特股份
600716,凤凰股份
000502,绿景控股
300621,维业股份
300689,澄天伟业
000813,德展健康
603322,超讯通信
603166,福达股份
603977,国泰集团
601616,广电电气
300712,永福股份
600048,保利地产
600802,福建水泥
002453,华软科技
000606,顺利办
002561,徐家汇
603077,和邦生物
300096,易联众
300205,天喻信息
600853,龙建股份
300337,银邦股份
300126,锐奇股份
601949,中国出版
002077,*ST大港
300279,和晶科技
002666,德联集团
603636,南威软件
600790,轻纺城
000715,中兴商业
002302,西部建设
601999,出版传媒
300819,聚杰微纤
300050,世纪鼎利
002935,天奥电子
603187,海容冷链
002017,东信和平
600500,中化国际
002713,东易日盛
002208,合肥城建
000531,穗恒运Ａ
300114,中航电测
603012,创力集团
000652,泰达股份
600105,永鼎股份
603959,百利科技
300318,博晖创新
002681,*ST奋达
300693,盛弘股份
300320,海达股份
600862,中航高科
000863,三湘印象
600892,*ST大晟
002409,雅克科技
603386,广东骏亚
300528,幸福蓝海
300796,贝斯美
300517,海波重科
601127,小康股份
300015,爱尔眼科
300013,新宁物流
601727,上海电气
300150,世纪瑞尔
000586,汇源通信
002255,*ST海陆
603615,茶花股份
002016,世荣兆业
603390,通达电气
300644,南京聚隆
000811,冰轮环境
600807,ST天业
600009,上海机场
600875,东方电气
300047,天源迪科
600711,盛屯矿业
002486,嘉麟杰
603212,赛伍技术
002125,湘潭电化
688085,三友医疗
603978,深圳新星
000925,众合科技
300767,震安科技
603239,浙江仙通
600036,招商银行
300447,全信股份
002421,达实智能
603656,泰禾光电
300281,金明精机
300588,熙菱信息
300247,融捷健康
002310,东方园林
000592,平潭发展
002407,多氟多
603927,中科软
600857,宁波中百
300007,汉威科技
002787,华源控股
300221,银禧科技
002976,瑞玛工业
002785,万里石
601965,中国汽研
600782,新钢股份
300344,太空智造
000625,长安汽车
002968,新大正
002967,广电计量
002726,龙大肉食
600135,乐凯胶片
300055,万邦达
300597,吉大通信
002614,奥佳华
601058,赛轮轮胎
002038,双鹭药业
300577,开润股份
002660,茂硕电源
600125,铁龙物流
000062,深圳华强
603329,上海雅仕
300800,力合科技
300678,中科信息
002773,康弘药业
000815,美利云
000756,新华制药
600809,山西汾酒
002896,中大力德
300215,电科院
603109,神驰机电
603103,横店影视
600211,西藏药业
601608,中信重工
300531,优博讯
002161,远 望 谷
688039,当虹科技
000069,华侨城Ａ
601899,紫金矿业
600093,易见股份
600386,北巴传媒
600733,北汽蓝谷
002385,大北农
600540,新赛股份
002859,洁美科技
300309,吉艾科技
002803,吉宏股份
300697,电工合金
688066,航天宏图
002492,恒基达鑫
688466,金科环境
603799,华友钴业
603612,索通发展
600138,中青旅
603613,国联股份
002376,新北洋
300222,科大智能
002467,二六三
300780,德恩精工
600990,四创电子
600729,重庆百货
600233,圆通速递
002559,亚威股份
300167,迪威迅
002345,潮宏基
300246,宝莱特
300308,中际旭创
688122,西部超导
000711,京蓝科技
300579,数字认证
300112,万讯自控
601002,晋亿实业
000801,四川九洲
002380,科远智慧
001896,豫能控股
002298,中电兴发
000878,云南铜业
002751,易尚展示
300450,先导智能
002177,御银股份
002108,沧州明珠
000955,欣龙控股
000777,中核科技
002851,麦格米特
002963,豪尔赛
600251,冠农股份
601155,新城控股
603606,东方电缆
300629,新劲刚
600881,亚泰集团
600563,XD法拉电
603888,新华网
000735,罗 牛 山
600176,中国巨石
300659,中孚信息
002223,鱼跃医疗
002428,云南锗业
000157,中联重科
300278,华昌达
300821,东岳硅材
000591,太阳能
600996,贵广网络
603933,睿能科技
688388,嘉元科技
300546,雄帝科技
300213,佳讯飞鸿
002736,国信证券
601211,国泰君安
002546,新联电子
600901,江苏租赁
603629,利通电子
002965,祥鑫科技
600315,上海家化
002022,科华生物
300045,华力创通
300423,鲁亿通
603809,豪能股份
600579,克劳斯
002006,精功科技
300488,恒锋工具
300653,正海生物
601222,林洋能源
002941,新疆交建
002172,澳洋健康
300351,永贵电器
000561,烽火电子
002234,民和股份
600340,华夏幸福
002237,恒邦股份
002870,香山股份
600792,云煤能源
600143,金发科技
300448,浩云科技
600630,龙头股份
600089,特变电工
600746,江苏索普
000798,中水渔业
603903,中持股份
603599,广信股份
300612,宣亚国际
603369,今世缘
002340,格林美
002112,三变科技
002549,凯美特气
002771,真视通
000663,*ST永林
002370,亚太药业
002524,光正集团
000545,金浦钛业
002639,雪人股份
002918,蒙娜丽莎
000727,*ST东科
002757,南兴股份
603508,思维列控
603380,易德龙
300542,新晨科技
600783,鲁信创投
002621,美吉姆
002082,万邦德
600585,海螺水泥
600031,三一重工
600758,红阳能源
603681,永冠新材
000002,万  科Ａ
600073,上海梅林
600195,中牧股份
002576,通达动力
000032,深桑达Ａ
002931,锋龙股份
000717,韶钢松山
300758,七彩化学
002406,远东传动
000723,美锦能源
000901,航天科技
300062,中能电气
600390,五矿资本
600648,外高桥
603161,科华控股
603039,泛微网络
600229,城市传媒
600230,沧州大化
600854,春兰股份
002319,*ST乐通
002145,中核钛白
600660,福耀玻璃
300452,山河药辅
603889,新澳股份
300177,中海达
000997,新 大 陆
600063,皖维高新
000785,居然之家
603777,来伊份
002326,永太科技
600622,光大嘉宝
000513,丽珠集团
300532,今天国际
002117,东港股份
300634,彩讯股份
601200,上海环境
300381,溢多利
002272,川润股份
002903,宇环数控
603556,海兴电力
300312,邦讯技术
300264,佳创视讯
002617,露笑科技
000718,苏宁环球
300419,浩丰科技
002276,万马股份
000584,哈工智能
002519,银河电子
603876,鼎胜新材
603999,读者传媒
600078,澄星股份
300461,田中精机
002416,爱施德
600299,安迪苏
002960,青鸟消防
600866,星湖科技
600533,栖霞建设
603063,禾望电气
300129,泰胜风能
688009,中国通号
300410,正业科技
000582,北部湾港
002919,名臣健康
603676,卫信康
000850,华茂股份
002632,道明光学
000012,南  玻Ａ
300152,科融环境
002249,大洋电机
000915,山大华特
000868,*ST安凯
603885,吉祥航空
600879,航天电子
300024,机器人
603679,华体科技
600728,佳都科技
601212,白银有色
002285,世联行
300086,康芝药业
300690,双一科技
300315,掌趣科技
600903,贵州燃气
300711,广哈通信
603121,华培动力
300300,汉鼎宇佑
600960,渤海汽车
300145,中金环境
002216,三全食品
300169,天晟新材
300568,星源材质
000009,中国宝安
002136,安 纳 达
300371,汇中股份
000976,华铁股份
603505,金石资源
600586,金晶科技
300615,欣天科技
600756,浪潮软件
002386,天原集团
600830,香溢融通
600706,曲江文旅
603722,阿科力
600657,信达地产
600131,国网信通
002426,*ST胜利
300141,和顺电气
002624,完美世界
600692,亚通股份
600676,交运股份
600278,东方创业
600235,民丰特纸
600228,ST昌九
601966,玲珑轮胎
000862,银星能源
000998,隆平高科
603029,天鹅股份
002838,道恩股份
000020,深华发Ａ
603527,众源新材
600425,青松建化
603009,北特科技
000935,四川双马
300201,海伦哲
002470,金正大
002175,*ST东网
002909,集泰股份
300412,迦南科技
002573,清新环境
002274,华昌化工
000428,华天酒店
000425,徐工机械
300610,晨化股份
002485,希努尔
002763,汇洁股份
603590,康辰药业
002597,金禾实业
002805,丰元股份
300541,先进数通
300380,安硕信息
603992,松霖科技
600975,新五丰
002451,摩恩电气
000961,中南建设
300424,航新科技
600189,吉林森工
603901,永创智能
600039,四川路桥
603579,荣泰健康
600335,国机汽车
688033,天宜上佳
600577,精达股份
600718,东软集团
600531,豫光金铅
603682,锦和商业
600594,益佰制药
002983,芯瑞达
002531,天顺风能
600748,上实发展
002148,北纬科技
000936,华西股份
002565,顺灏股份
002068,黑猫股份
688208,道通科技
603887,城地股份
002389,航天彩虹
600787,中储股份
600778,友好集团
600732,爱旭股份
300070,碧水源
601366,利群股份
601117,中国化学
000902,新洋丰
603041,美思德
002734,利民股份
000908,景峰医药
000019,深粮控股
002952,亚世光电
002512,达华智能
601369,陕鼓动力
002553,南方轴承
600218,全柴动力
603000,人民网
002269,美邦服饰
603303,得邦照明
002358,森源电气
000554,泰山石油
300648,星云股份
300131,英唐智控
002339,积成电子
000958,东方能源
002609,捷顺科技
300027,华谊兄弟
600216,浙江医药
600157,永泰能源
002468,申通快递
300732,设研院
000890,*ST胜尔
601111,中国国航
300032,金龙机电
603045,福达合金
000547,航天发展
002078,太阳纸业
600587,新华医疗
000617,中油资本
002382,蓝帆医疗
000656,金科股份
002749,国光股份
002270,华明装备
300737,科顺股份
603918,金桥信息
300718,长盛轴承
000001,平安银行
603948,建业股份
600090,同济堂
002195,二三四五
002154,报 喜 鸟
600666,ST瑞德
300266,兴源环境
603580,艾艾精工
002806,华锋股份
600789,鲁抗医药
002741,光华科技
600359,新农开发
000517,荣安地产
600987,航民股份
002508,老板电器
600612,老凤祥
603843,正平股份
600678,四川金顶
002860,星帅尔
300214,日科化学
002331,皖通科技
300795,米奥会展
603698,航天工程
300484,蓝海华腾
300675,建科院
600967,内蒙一机
002190,*ST集成
601126,四方股份
600200,江苏吴中
002630,华西能源
000056,皇庭国际
603259,药明康德
300018,中元股份
688139,海尔生物
603169,兰石重装
603333,尚纬股份
002130,沃尔核材
002750,龙津药业
603001,奥康国际
300665,飞鹿股份
688186,广大特材
002668,奥马电器
600094,大名城
002262,恩华药业
300736,百邦科技
601330,绿色动力
000159,国际实业
600658,电子城
002244,滨江集团
300120,经纬辉开
600527,DR江南高
300584,海辰药业
300392,腾信股份
002658,雪迪龙
300393,中来股份
600812,华北制药
603037,凯众股份
600277,亿利洁能
002113,*ST天润
002300,太阳电缆
600633,浙数文化
600035,楚天高速
300290,荣科科技
000333,美的集团
300547,川环科技
600618,氯碱化工
002423,中粮资本
601233,桐昆股份
600673,东阳光
600428,中远海特
002622,融钰集团
603025,大豪科技
000999,华润三九
002052,*ST同洲
601360,三六零
002813,路畅科技
603908,牧高笛
600900,长江电力
300695,兆丰股份
300439,美康生物
300523,辰安科技
000055,方大集团
002569,*ST步森
600355,精伦电子
002759,天际股份
601038,一拖股份
000887,中鼎股份
300080,易成新能
002923,润都股份
002535,*ST林重
002011,盾安环境
300809,华辰装备
000065,北方国际
300661,圣邦股份
002293,罗莱生活
688188,柏楚电子
300417,南华仪器
300801,泰和科技
300497,富祥药业
000680,山推股份
688177,百奥泰-U
601567,三星医疗
300370,安控科技
603801,志邦家居
002869,金溢科技
688098,申联生物
300710,万隆光电
002580,圣阳股份
603011,合锻智能
300375,鹏翎股份
000856,冀东装备
002069,獐子岛
600488,天药股份
300030,阳普医疗
002334,英威腾
002165,红 宝 丽
000975,银泰黄金
300179,四方达
002218,拓日新能
002829,星网宇达
002898,赛隆药业
002087,新野纺织
601333,广深铁路
600391,航发科技
600707,彩虹股份
600302,标准股份
300249,依米康
002135,东南网架
002054,德美化工
300594,朗进科技
600096,云天化
300806,斯迪克
000532,华金资本
300485,赛升药业
300630,普利制药
002596,海南瑞泽
002284,亚太股份
603860,中公高科
600965,福成股份
600839,四川长虹
000982,*ST 中绒
002204,大连重工
002839,张家港行
600133,东湖高新
600062,华润双鹤
600885,宏发股份
603458,勘设股份
601882,海天精工
600963,岳阳林纸
002892,科力尔
000731,四川美丰
002793,罗欣药业
000301,东方盛虹
300385,雪浪环境
000540,中天金融
002264,新 华 都
601000,唐山港
002526,山东矿机
600973,宝胜股份
600121,郑州煤电
300775,三角防务
002294,信立泰
600819,耀皮玻璃
300355,蒙草生态
000637,茂化实华
000510,新金路
601698,中国卫通
002582,好想你
300402,宝色股份
002224,三 力 士
600084,ST中葡
603906,龙蟠科技
002848,高斯贝尔
002801,微光股份
002707,众信旅游
600668,尖峰集团
600467,好当家
002446,盛路通信
002132,恒星科技
300722,新余国科
002432,九安医疗
000031,大悦城
603778,乾景园林
300311,任子行
300159,新研股份
002352,顺丰控股
000829,天音控股
002303,美盈森
002346,柘中股份
002066,瑞泰科技
600961,株冶集团
300581,晨曦航空
601628,中国人寿
600120,浙江东方
600483,福能股份
300195,长荣股份
603578,三星新材
000638,万方发展
600168,武汉控股
000793,华闻集团
603359,东珠生态
000616,海航投资
688389,普门科技
000506,中润资源
000691,亚太实业
300066,三川智慧
601512,中新集团
600287,江苏舜天
600977,中国电影
002221,东华能源
600173,卧龙地产
688399,硕世生物
600908,无锡银行
600736,苏州高新
601106,中国一重
600439,瑞贝卡
300039,上海凯宝
601869,长飞光纤
300713,英可瑞
002377,国创高新
603339,四方科技
300818,耐普矿机
300354,东华测试
000099,中信海直
300650,太龙照明
002014,永新股份
601226,华电重工
601789,宁波建工
300194,福安药业
300282,三盛教育
300138,晨光生物
000623,吉林敖东
600651,*ST飞乐
002372,伟星新材
603963,大理药业
300082,奥克股份
300238,冠昊生物
000413,东旭光电
300595,欧普康视
000537,广宇发展
002347,泰尔股份
603095,越剑智能
601890,亚星锚链
002867,周大生
600052,浙江广厦
000790,华神科技
002551,尚荣医疗
002830,名雕股份
002041,登海种业
300128,锦富技术
002625,光启技术
000419,通程控股
000768,中航飞机
601717,郑煤机
002840,华统股份
002337,赛象科技
000530,冰山冷热
002150,通润装备
002166,莱茵生物
002088,鲁阳节能
000779,甘咨询
300307,慈星股份
603568,伟明环保
300284,苏交科
002440,闰土股份
300637,扬帆新材
000622,恒立实业
600801,华新水泥
002020,京新药业
002532,新界泵业
601718,际华集团
601633,长城汽车
300831,派瑞股份
002598,山东章鼓
002124,天邦股份
002873,新天药业
300181,佐力药业
300326,凯利泰
603217,元利科技
000830,鲁西化工
600325,华发股份
600104,上汽集团
300061,旗天科技
600886,国投电力
002246,北化股份
300826,测绘股份
300652,雷迪克
603357,设计总院
300304,云意电气
300422,博世科
600888,新疆众和
600405,动力源
600322,天房发展
000411,英特集团
000559,万向钱潮
603313,梦百合
600444,国机通用
000599,青岛双星
603988,中电电机
600361,华联综超
002205,国统股份
600735,新华锦
000757,浩物股份
002514,宝馨科技
002474,榕基软件
603949,雪龙集团
603616,韩建河山
603393,新天然气
002599,盛通股份
300123,亚光科技
300087,荃银高科
603728,鸣志电器
002342,巨力索具
603196,日播时尚
002730,电光科技
000529,广弘控股
000045,深纺织Ａ
300649,杭州园林
000488,晨鸣纸业
300490,华自科技
603058,XD永吉股
600495,晋西车轴
600292,远达环保
002478,常宝股份
002769,普路通
600308,华泰股份
600139,西部资源
600159,大龙地产
002374,丽鹏股份
002852,道道全
603733,仙鹤股份
603639,海利尔
600153,建发股份
000629,攀钢钒钛
603379,三美股份
300445,康斯特
300067,安诺其
603916,苏博特
603110,东方材料
600332,白云山
000524,岭南控股
603389,*ST亚振
002412,汉森制药
002146,荣盛发展
601669,中国电建
603127,昭衍新药
002173,创新医疗
002408,齐翔腾达
002096,南岭民爆
601318,中国平安
000930,中粮科技
601599,鹿港文化
300799,左江科技
603367,辰欣药业
603863,松炀资源
002889,东方嘉盛
600489,中金黄金
002542,中化岩土
300609,汇纳科技
600501,航天晨光
300049,福瑞股份
300606,金太阳
000627,天茂集团
000429,粤高速Ａ
300677,英科医疗
600158,中体产业
300670,大烨智能
002295,精艺股份
002210,*ST飞马
002021,*ST中捷
000025,特  力Ａ
600685,中船防务
603619,中曼石油
300092,科新机电
002928,华夏航空
000544,中原环保
300733,西菱动力
300021,大禹节水
002966,苏州银行
300765,新诺威
000550,江铃汽车
300004,南风股份
300358,楚天科技
002026,山东威达
000528,柳    工
002651,利君股份
000766,通化金马
601139,深圳燃气
002564,天沃科技
600704,物产中大
002548,金新农
601019,山东出版
603826,坤彩科技
603607,京华激光
000498,山东路桥
002461,珠江啤酒
002700,ST浩源
601216,君正集团
603131,上海沪工
002067,景兴纸业
600785,新华百货
300262,巴安水务
002788,鹭燕医药
002192,*ST融捷
600562,国睿科技
002895,川恒股份
002121,*ST科陆
603032,德新交运
002098,浔兴股份
002907,华森制药
300231,银信科技
300374,恒通科技
600765,中航重机
600869,智慧能源
600636,国新文化
000633,合金投资
300065,海兰信
000885,城发环境
300227,光韵达
002833,弘亚数控
600928,西安银行
000692,惠天热电
300491,通合科技
600561,江西长运
300564,筑博设计
002819,东方中科
300401,花园生物
002248,华东数控
300192,科斯伍德
600671,天目药业
601985,中国核电
300197,铁汉生态
603335,迪生力
601601,中国太保
000833,粤桂股份
000059,华锦股份
600510,黑牡丹
300158,振东制药
600482,中国动力
002528,英飞拓
300253,卫宁健康
300505,川金诺
300772,运达股份
000420,吉林化纤
300321,同大股份
300529,健帆生物
300453,三鑫医疗
601020,华钰矿业
002611,东方精工
600583,海油工程
002278,神开股份
601611,中国核建
600362,江西铜业
002435,长江健康
000973,佛塑科技
002789,建艺集团
600761,安徽合力
300717,华信新材
600675,中华企业
002877,智能自控
000791,甘肃电投
002191,劲嘉股份
000565,渝三峡Ａ
002140,东华科技
300228,富瑞特装
000666,经纬纺机
000875,吉电股份
000755,山西路桥
600962,国投中鲁
002198,嘉应制药
002387,维信诺
002574,明牌珠宝
600877,ST电能
603939,益丰药房
603867,新化股份
002566,益盛药业
600598,北大荒
600755,厦门国贸
002790,瑞尔特
601163,三角轮胎
300016,北陆药业
600249,两面针
002659,凯文教育
600177,雅戈尔
002193,如意集团
600276,恒瑞医药
603915,国茂股份
603558,健盛集团
600192,长城电工
300761,立华股份
002110,三钢闽光
002099,海翔药业
300554,三超新材
603955,大千生态
601991,大唐发电
600379,宝光股份
002051,中工国际
688010,福光股份
300154,瑞凌股份
603387,基蛋生物
000918,嘉凯城
300436,广生堂
000068,华控赛格
600207,安彩高科
600602,云赛智联
603489,八方股份
002937,兴瑞科技
300694,蠡湖股份
300527,中国应急
603289,泰瑞机器
002328,新朋股份
300437,清水源
002202,金风科技
002155,湖南黄金
603822,嘉澳环保
600127,金健米业
300753,爱朋医疗
002061,浙江交科
600210,紫江企业
600141,兴发集团
002849,威星智能
600502,安徽建工
000819,岳阳兴长
002820,桂发祥
300353,东土科技
300645,正元智慧
000697,炼石航空
603926,铁流股份
600572,康恩贝
600241,*ST时万
002211,宏达新材
000551,创元科技
002538,司尔特
002902,铭普光磁
600252,中恒集团
002802,洪汇新材
300403,汉宇集团
002455,百川股份
603997,继峰股份
002253,川大智胜
601098,中南传媒
600187,国中水务
600178,东安动力
601311,骆驼股份
300220,金运激光
600505,西昌电力
300600,瑞特股份
002567,唐人神
300430,诚益通
002101,广东鸿图
002157,正邦科技
002013,中航机电
601016,节能风电
600613,神奇制药
600606,绿地控股
000780,*ST平能
603096,新经典
300006,莱美药业
002189,中光学
601007,金陵饭店
002603,以岭药业
300298,三诺生物
002595,豪迈科技
688198,佰仁医疗
300683,海特生物
002775,文科园林
300254,仟源医药
603871,嘉友国际
000836,富通鑫茂
000687,华讯方舟
300535,达威股份
002349,精华制药
002318,久立特材
688108,赛诺医疗
601218,吉鑫科技
002469,三维工程
002206,海 利 得
000782,美达股份
600197,伊力特
002149,西部材料
000665,湖北广电
000685,中山公用
600458,时代新材
600222,太龙药业
002893,华通热力
600477,杭萧钢构
002479,富春环保
600764,中国海防
002462,嘉事堂
601858,中国科传
600400,红豆股份
600122,*ST宏图
002943,宇晶股份
603786,科博达
600590,泰豪科技
000761,本钢板材
002019,亿帆医药
300137,先河环保
603586,金麒麟
000523,广州浪奇
002719,*ST麦趣
000949,新乡化纤
600478,科力远
600566,济川药业
603996,*ST中新
300107,建新股份
002652,扬子新材
000151,中成股份
600738,兰州民百
002933,新兴装备
000738,航发控制
600076,康欣新材
000957,中通客车
600565,迪马股份
600072,中船科技
600493,凤竹纺织
300790,宇瞳光学
601678,滨化股份
000767,漳泽电力
000651,格力电器
300110,华仁药业
002472,双环传动
000965,天保基建
300225,金力泰
002644,佛慈制药
688398,赛特新材
603683,晶华新材
300091,金通灵
002321,华英农业
002527,新时达
300666,江丰电子
600855,航天长峰
300259,新天科技
601012,隆基股份
603299,苏盐井神
600326,西藏天路
002709,天赐材料
600082,海泰发展
600077,宋都股份
002350,北京科锐
002419,天虹股份
300691,联合光电
600683,京投发展
300478,杭州高新
300053,欧比特
000927,*ST夏利
600547,山东黄金
603086,先达股份
600890,中房股份
000017,*ST中华A
002927,泰永长征
002111,威海广泰
600097,开创国际
603021,山东华鹏
600710,苏美达
300715,凯伦股份
002120,韵达股份
300692,中环环保
000933,神火股份
002735,王子新材
600797,浙大网新
603813,原尚股份
603985,恒润股份
300208,青岛中程
300627,华测导航
603609,禾丰牧业
002664,长鹰信质
688068,热景生物
002073,软控股份
600196,复星医药
601689,拓普集团
300500,启迪设计
601518,吉林高速
002645,华宏科技
002533,金杯电工
002363,隆基机械
002971,和远气体
002265,西仪股份
002708,光洋股份
603966,法兰泰克
600368,五洲交通
300723,一品红
603726,朗迪集团
600469,风神股份
600339,中油工程
601199,江南水务
300164,通源石油
000589,贵州轮胎
002182,云海金属
600452,涪陵电力
603013,亚普股份
600006,东风汽车
601952,苏垦农发
600623,华谊集团
600396,金山股份
600075,新疆天业
603043,广州酒家
600372,中航电子
002511,中顺洁柔
600749,西藏旅游
002593,日上集团
000014,沙河股份
000004,国农科技
002009,天奇股份
002836,新宏泽
002817,黄山胶囊
600283,钱江水利
000702,正虹科技
603980,吉华集团
002590,万安科技
600848,上海临港
603117,万林物流
600558,大西洋
300340,科恒股份
000729,燕京啤酒
300563,神宇股份
603677,奇精机械
600796,钱江生化
600800,天津磁卡
600150,中国船舶
600567,山鹰纸业
603336,宏辉果蔬
600085,同仁堂
002798,帝欧家居
002705,新宝股份
000919,金陵药业
600056,中国医药
002457,青龙管业
600202,哈空调
002024,苏宁易购
002499,*ST科林
002312,三泰控股
002060,粤 水 电
002443,金洲管道
002252,上海莱士
002030,达安基因
603278,大业股份
000888,峨眉山Ａ
300752,隆利科技
002629,*ST仁智
002209,达 意 隆
002109,兴化股份
002085,万丰奥威
600766,园城黄金
603928,兴业股份
600653,申华控股
300483,沃施股份
300283,温州宏丰
002761,多喜爱
300255,常山药业
600422,昆药集团
002442,龙星化工
600600,青岛啤酒
000060,中金岭南
300807,天迈科技
603507,振江股份
601388,怡球资源
600989,宝丰能源
002513,*ST蓝丰
300518,盛讯达
600387,海越能源
603727,博迈科
603917,合力科技
688080,映翰通
002693,双成药业
000828,东莞控股
000937,冀中能源
000521,长虹美菱
002669,康达新材
000821,京山轻机
600285,羚锐制药
600208,新湖中宝
300325,德威新材
600279,重庆港九
000713,丰乐种业
603880,南卫股份
600020,中原高速
002758,华通医药
002703,浙江世宝
000959,首钢股份
300236,上海新阳
002381,双箭股份
000534,万泽股份
603080,新疆火炬
600847,万里股份
603555,*ST贵人
600917,重庆燃气
600257,大湖股份
300443,金雷股份
002978,安宁股份
603368,柳药股份
601968,宝钢包装
002523,天桥起重
600887,伊利股份
603332,苏州龙杰
600433,冠豪高新
002304,洋河股份
603739,蔚蓝生物
600959,江苏有线
000566,海南海药
601011,宝泰隆
300466,赛摩智能
002724,海洋王
603279,景津环保
600939,重庆建工
600713,南京医药
600351,亚宝药业
002554,惠博普
000913,钱江摩托
600021,上海电力
603716,塞力斯
002755,奥赛康
600794,保税科技
603197,保隆科技
002762,金发拉比
603060,国检集团
300498,温氏股份
002917,金奥博
002505,大康农业
000898,鞍钢股份
600468,百利电气
000023,深天地Ａ
600300,维维股份
000698,沈阳化工
300539,横河模具
601866,中远海发
600727,鲁北化工
600064,南京高科
002722,金轮股份
002608,江苏国信
600525,长园集团
600103,青山纸业
600050,中国联通
600022,山东钢铁
002325,洪涛股份
000882,华联股份
300569,天能重工
601816,京沪高铁
601319,中国人保
603900,莱绅通灵
600284,浦东建设
002473,圣莱达
601886,江河集团
600894,广日股份
600261,阳光照明
002031,巨轮智能
603033,三维股份
601116,XD三江购
601618,中国中冶
002746,仙坛股份
000677,恒天海龙
603956,威派格
002277,友阿股份
000590,启迪古汉
002504,弘高创意
603116,红蜻蜓
600475,华光股份
603226,菲林格尔
603811,诚意药业
002637,赞宇科技
603113,金能科技
601992,金隅集团
600490,鹏欣资源
600420,现代制药
300405,科隆股份
300185,通裕重工
300084,海默科技
000630,铜陵有色
601069,西部黄金
002956,西麦食品
603331,百达精工
600815,*ST厦工
002390,信邦制药
000581,威孚高科
600976,健民集团
002430,杭氧股份
600470,*ST六化
000514,渝 开 发
300121,阳谷华泰
300288,朗玛信息
002046,轴研科技
002448,中原内配
002004,华邦健康
300586,美联新材
002588,史丹利
601177,杭齿前进
000838,财信发展
000650,仁和药业
603998,方盛制药
002602,世纪华通
002116,中国海诚
600381,青海春天
603518,锦泓集团
300651,金陵体育
603866,XD桃李面
600981,汇鸿集团
600883,博闻科技
600780,通宝能源
600169,太原重工
300174,元力股份
002915,中欣氟材
300625,三雄极光
600714,金瑞矿业
000573,粤宏远Ａ
000005,世纪星源
600661,昂立教育
603600,永艺股份
300833,浩洋股份
002348,高乐股份
002153,石基信息
600455,博通股份
300660,江苏雷利
603800,道森股份
002282,博深股份
002458,益生股份
601860,紫金银行
600652,ST游久
002738,中矿资源
002059,云南旅游
000659,珠海中富
000558,莱茵体育
603320,迪贝电气
002393,力生制药
300802,矩子科技
300206,理邦仪器
300512,中亚股份
600356,恒丰纸业
002369,卓翼科技
603365,水星家纺
601515,东风股份
002872,*ST天圣
002628,成都路桥
002420,*ST毅昌
600682,南京新百
603157,拉夏贝尔
000620,新华联
603798,康普顿
600256,广汇能源
002395,双象股份
000546,金圆股份
600267,海正药业
300499,高澜股份
603967,中创物流
300611,美力科技
600647,同达创业
603188,ST亚邦
600684,珠江实业
000825,太钢不锈
000926,福星股份
002825,纳尔股份
300003,乐普医疗
603099,长白山
600843,上工申贝
000778,新兴铸管
603258,电魂网络
600068,葛洲坝
601326,秦港股份
300463,迈克生物
300641,正丹股份
600773,西藏城投
300716,国立科技
601186,中国铁建
600552,凯盛科技
600998,九州通
000852,石化机械
000598,兴蓉环境
600893,航发动力
600603,广汇物流
603666,亿嘉和
002826,易明医药
002883,中设股份
002578,闽发铝业
000709,河钢股份
000615,京汉股份
603655,朗博科技
300435,中泰股份
000807,云铝股份
600530,*ST交昂
600291,西水股份
000972,ST中基
300743,天地数码
000985,大庆华科
603589,口子窖
600219,南山铝业
601677,明泰铝业
300779,惠城环保
603861,白云电器
603767,中马传动
600266,城建发展
600108,亚盛集团
000430,张家界
603699,纽威股份
600365,通葡股份
600698,ST天雁
300105,龙源技术
002610,爱康科技
002176,*ST江特
000035,中国天楹
600156,华升股份
601877,正泰电器
300224,正海磁材
002868,绿康生化
000928,中钢国际
002985,北摩高科
603317,天味食品
603126,中材节能
600397,安源煤业
600028,中国石化
002921,联诚精密
002495,佳隆股份
002247,*ST聚力
002147,*ST新光
600149,ST坊展
000912,泸天化
300631,久吾高科
601101,昊华能源
000753,漳州发展
000635,英 力 特
000639,西王食品
300404,博济医药
300705,九典制药
600067,冠城大通
002667,鞍重股份
600702,舍得酒业
300473,德尔股份
603535,嘉诚国际
600295,鄂尔多斯
002550,千红制药
000669,*ST金鸿
002215,诺 普 信
603693,江苏新能
603709,XD中源家
600007,中国国贸
601800,中国交建
000533,顺钠股份
002827,高争民爆
002042,华孚时尚
600057,厦门象屿
600731,湖南海利
002900,哈三联
601600,中国铝业
600161,天坛生物
000536,*ST华映
002439,启明星辰
002932,明德生物
002779,中坚科技
300727,润禾材料
002678,珠江钢琴
600609,金杯汽车
603990,麦迪科技
002828,贝肯能源
603398,邦宝益智
002106,莱宝高科
600876,洛阳玻璃
600970,中材国际
300243,瑞丰高材
002441,众业达
600724,宁波富达
600051,宁波联合
300808,久量股份
002690,美亚光电
600106,重庆路桥
603648,畅联股份
000404,长虹华意
002850,科达利
600526,菲达环保
603298,杭叉集团
000931,中 关 村
000899,赣能股份
002864,盘龙药业
002476,宝莫股份
600688,上海石化
000929,兰州黄河
000809,铁岭新城
601801,皖新传媒
600846,同济科技
600823,世茂股份
600481,双良节能
300313,天山生物
600231,凌钢股份
600644,乐山电力
600328,兰太实业
300094,国联水产
002694,顾地科技
002471,中超控股
600217,中再资环
600582,天地科技
000812,陕西金叶
600767,ST运盛
688233,神工股份
601566,九牧王
600578,京能电力
300306,远方信息
002768,国恩股份
600740,山西焦化
002203,海亮股份
603101,汇嘉时代
600466,蓝光发展
603848,好太太
002341,新纶科技
002425,凯撒文化
300425,中建环能
300135,宝利国际
600515,海航基础
000900,现代投资
601872,招商轮船
600870,ST厦华
600744,华银电力
002812,恩捷股份
601336,新华保险
601607,上海医药
300585,奥联电子
603300,华铁应急
601619,嘉泽新能
601500,通用股份
002686,亿利达
002483,润邦股份
600845,宝信软件
000595,*ST宝实
300549,优德精密
300267,尔康制药
603288,海天味业
300777,中简科技
600874,创业环保
000153,丰原药业
000538,云南白药
000835,长城动漫
600265,ST景谷
002002,鸿达兴业
300146,汤臣倍健
002631,德尔未来
601390,中国中铁
600307,酒钢宏兴
600008,首创股份
300111,向日葵
000631,顺发恒业
600223,鲁商发展
300583,赛托生物
600243,*ST海华
603100,川仪股份
000626,远大控股
601228,广州港
002144,宏达高科
300619,金银河
600968,海油发展
300068,南都电源
002562,兄弟科技
600581,八一钢铁
002324,普利特
603817,海峡环保
002438,江苏神通
002258,利尔化学
002162,悦心健康
000932,华菱钢铁
000028,国药一致
603286,日盈电子
300441,鲍斯股份
000880,潍柴重机
603687,大胜达
603657,春光科技
603165,荣晟环保
600376,首开股份
000553,安道麦A
600988,赤峰黄金
603500,祥和实业
600171,上海贝岭
300640,德艺文创
300813,泰林生物
600435,北方导航
002133,广宇集团
000720,新能泰山
601238,广汽集团
300275,梅安森
300567,精测电子
603066,音飞储存
600170,上海建工
002141,贤丰控股
300029,天龙光电
002403,爱仕达
600693,东百集团
300119,瑞普生物
601001,大同煤业
600528,中铁工业
600868,梅雁吉祥
600821,*ST劝业
600327,大东方
000048,京基智农
002040,南 京 港
603968,醋化股份
600503,华丽家族
000039,中集集团
002882,金龙羽
300662,科锐国际
600858,银座股份
600313,农发种业
000407,胜利股份
000906,浙商中拓
000909,数源科技
002737,葵花药业
600250,南纺股份
300475,聚隆科技
300048,合康新能
601699,潞安环能
600098,广州发展
002558,巨人网络
601918,新集能源
002520,日发精机
601021,春秋航空
000983,西山煤电
300511,雪榕生物
000089,深圳机场
600389,江山股份
002742,三圣股份
603567,珍宝岛
603108,润达医疗
002254,泰和新材
000797,中国武夷
000593,大通燃气
002360,同德化工
000006,深振业Ａ
600436,片仔癀
600628,新世界
000600,建投能源
600382,广东明珠
600118,中国卫星
600851,海欣股份
002807,江阴银行
601077,渝农商行
600592,龙溪股份
600674,川投能源
603790,雅运股份
603628,清源股份
601975,招商南油
002856,美芝股份
002656,ST摩登
603399,吉翔股份
002383,合众思壮
603269,海鸥股份
601989,中国重工
600343,航天动力
600779,水井坊
600016,民生银行
002010,传化智联
001872,招商港口
600375,华菱星马
300286,安科瑞
002029,七 匹 狼
600760,中航沈飞
000950,重药控股
000409,ST地矿
601598,中国外运
601113,ST华鼎
000628,高新发展
603585,苏利股份
000402,金 融 街
603338,浙江鼎力
600119,ST长投
300103,达刚控股
002809,红墙股份
300273,和佳医疗
002275,桂林三金
000421,南京公用
002159,三特索道
600545,卓郎智能
600165,新日恒力
600017,日照港
002780,三夫户外
600115,东方航空
000605,渤海股份
601668,中国建筑
603610,麒盛科技
601666,平煤股份
002942,新农股份
002414,高德红外
000962,东方钽业
002271,东方雨虹
002691,冀凯股份
002039,黔源电力
600148,长春一东
002086,ST东海洋
603729,龙韵股份
000726,鲁  泰Ａ
601880,大连港
600871,石化油服
600188,兖州煤业
600919,江苏银行
300268,佳沃股份
600897,厦门空港
600694,大商股份
600101,明星电力
600863,内蒙华电
600507,方大特钢
600236,桂冠电力
000968,蓝焰控股
603115,海星股份
603067,振华股份
002767,先锋电子
002179,中航光电
603488,展鹏科技
002696,百洋股份
002287,奇正藏药
002076,*ST雪莱
300522,世名科技
300173,智慧松德
603587,地素时尚
000737,ST南风
002633,申科股份
000786,北新建材
002243,通产丽星
600722,金牛化工
603858,步长制药
300685,艾德生物
600737,中粮糖业
603878,武进不锈
600664,哈药股份
600091,ST明科
600650,锦江投资
601577,长沙银行
603323,苏农银行
600620,天宸股份
603797,联泰环保
603439,贵州三力
600038,中直股份
600011,华能国际
601107,四川成渝
600509,天富能源
600497,驰宏锌锗
600398,海澜之家
600186,莲花健康
300289,利德曼
300329,海伦钢琴
002977,天箭科技
002955,鸿合科技
600269,赣粤高速
600388,龙净环保
601368,绿城水务
600116,三峡水利
000993,闽东电力
002843,泰嘉股份
002795,永和智控
002225,濮耐股份
600166,福田汽车
600184,光电股份
300218,安利股份
600167,联美控股
002589,瑞康医药
300700,岱勒新材
600088,中视传媒
002982,湘佳股份
002394,联发股份
600649,城投控股
600213,亚星客车
002706,良信电器
000881,中广核技
600305,恒顺醋业
601225,陕西煤业
600642,申能股份
002128,露天煤业
603758,秦安股份
603839,XD安正时
600548,深高速
600069,*ST银鸽
300240,飞力达
002323,*ST雅博
603311,金海环境
603351,威尔药业
600508,上海能源
601015,陕西黑猫
600408,ST安泰
600225,*ST松江
300193,佳士科技
601588,北辰实业
600232,金鹰股份
000596,古井贡酒
300616,尚品宅配
601088,中国神华
002674,兴业科技
600027,华电国际
001914,招商积余
600377,宁沪高速
600321,正源股份
000548,湖南投资
002424,贵州百灵
300163,先锋新材
600137,浪莎股份
300788,中信出版
603015,弘讯科技
601168,西部矿业
600543,莫高股份
002698,博实股份
000667,美好置业
300335,迪森股份
600726,华电能源
000520,长航凤凰
002752,昇兴股份
600182,S佳通
688202,美迪西
688016,心脉医疗
600319,ST亚星
600323,瀚蓝环境
300295,三六五网
002250,联化科技
600162,香江控股
000893,东凌国际
600461,洪城水业
300516,久之洋
003816,中国广核
002454,松芝股份
002379,宏创控股
601166,兴业银行
601898,中煤能源
603551,奥普家居
300387,富邦股份
300434,金石亚药
300454,深信服
002936,郑州银行
600884,杉杉股份
002327,富安娜
000096,广聚能源
600611,大众交通
600624,复旦复华
002831,裕同科技
000543,皖能电力
600123,兰花科创
002367,康力电梯
000690,宝新能源
600708,光明地产
600190,锦州港
600798,宁波海运
300534,陇神戎发
300515,三德科技
000619,海螺型材
000570,苏常柴Ａ
603819,神力股份
601169,北京银行
600979,广安爱众
002033,丽江股份
603776,永安行
603006,联明股份
600370,三房巷
600117,西宁特钢
000525,红 太 阳
002748,世龙实业
600971,恒源煤电
600535,天士力
600193,ST创兴
000417,合肥百货
300580,贝斯特
603877,太平鸟
002682,龙洲股份
600316,洪都航空
000403,双林生物
000008,神州高铁
002701,奥瑞金
000516,国际医学
600529,山东药玻
002404,嘉欣丝绸
603233,大参林
601998,中信银行
000597,东北制药
600499,科达洁能
002811,郑中设计
603192,汇得科技
603779,ST威龙
000505,京粮控股
601958,金钼股份
600029,南方航空
600070,浙江富润
000703,恒逸石化
600723,首商股份
600681,百川能源
603159,上海亚虹
300209,天泽信息
300783,三只松鼠
002422,科伦药业
002037,保利联合
002119,康强电子
600395,盘江股份
002822,中装建设
002003,伟星股份
000608,阳光股份
002267,陕天然气
603139,康惠制药
002164,宁波东力
002336,*ST人乐
002242,九阳股份
600719,大连热电
601811,新华文轩
600371,万向德农
300191,潜能恒信
600867,通化东宝
603895,天永智能
000058,深 赛 格
601857,中国石油
002437,誉衡药业
603089,正裕工业
600317,营口港
601888,中国国旅
002064,华峰氨纶
000509,*ST华塑
000917,电广传媒
600608,ST沪科
600717,天津港
002283,天润工业
000036,华联控股
300400,劲拓股份
002858,力盛赛车
300756,中山金马
002607,中公教育
600743,华远地产
000552,靖远煤电
600995,文山电力
002357,富临运业
002433,太安堂
002219,*ST恒康
300589,江龙船艇
601997,贵阳银行
600290,*ST华仪
603345,安井食品
002875,安奈儿
600697,欧亚集团
601928,凤凰传媒
000788,北大医药
600053,九鼎投资
603896,寿仙谷
300745,欣锐科技
001965,招商公路
000719,中原传媒
000519,中兵红箭
300760,迈瑞医疗
002723,金莱特
000710,贝瑞基因
600791,京能置业
600353,旭光股份
603833,欧派家居
601339,百隆东方
002213,特 尔 佳
000822,山东海化
002053,云南能投
000978,桂林旅游
600479,千金药业
600023,浙能电力
300277,海联讯
300199,翰宇药业
000967,盈峰环境
600997,开滦股份
601766,中国中车
600730,中国高科
600054,黄山旅游
600844,丹化科技
600645,中源协和
600066,宇通客车
000848,承德露露
600555,*ST海创
002196,方正电机
002948,青岛银行
688029,南微医学
002910,庄园牧场
002105,信隆健康
002616,长青集团
603017,中衡设计
603909,合诚股份
300026,红日药业
603979,金诚信
002151,北斗星通
600423,ST柳化
002035,华帝股份
603596,伯特利
000042,中洲控股
601818,光大银行
300778,新城市
600015,华夏银行
601328,交通银行
601398,工商银行
000966,长源电力
601916,浙商银行
002007,华兰生物
600781,ST辅仁
600248,延长化建
300109,新开源
000422,ST宜化
601158,重庆水务
600301,ST南化
002857,三晖电气
603098,森特股份
600000,浦发银行
601900,南方传媒
002025,航天电器
688363,华熙生物
600354,*ST敦种
600826,兰生股份
600626,申达股份
600757,长江传媒
601606,长城军工
600616,金枫酒业
000037,深南电A
000759,中百集团
600033,福建高速
000971,*ST高升
600018,上港集团
300175,朗源股份
300122,智飞生物
000661,长春高新
300668,杰恩设计
603665,康隆达
300153,科泰电源
601068,中铝国际
603757,大元泵业
002023,海特高新
002126,银轮股份
600889,南京化纤
000903,云内动力
600689,上海三毛
002355,兴民智通
601188,龙江交通
000705,浙江震元
603128,华贸物流
600367,红星发展
600984,建设机械
600769,祥龙电业
000963,华东医药
000038,深大通
600329,中新药业
000655,金岭矿业
300108,吉药控股
603689,皖天然气
002445,*ST中南
300056,中创环保
002570,贝因美
601003,柳钢股份
002871,伟隆股份
002100,天康生物
603156,养元饮品
300406,九强生物
600311,*ST荣华
002732,燕塘乳业
600784,鲁银投资
002692,ST远程
600320,振华重工
300299,富春股份
600058,五矿发展
600520,文一科技
300587,天铁股份
300658,延江股份
600551,时代出版
600516,方大炭素
603268,松发股份
600099,林海股份
600654,ST中安
002047,宝鹰股份
600019,宝钢股份
000560,我爱我家
002832,比音勒芬
600619,海立股份
000895,双汇发展
600929,湖南盐业
600629,华建集团
300477,合纵科技
300116,坚瑞沃能
600496,精工钢构
601288,农业银行
601018,宁波港
300261,雅本化学
601006,大秦铁路
600419,天润乳业
601988,中国银行
600491,龙元建设
603983,丸美股份
000611,*ST天首
002781,奇信股份
000507,珠海港
000883,湖北能源
603680,今创集团
000503,国新健康
603016,新宏泰
603355,莱克电气
002884,凌霄泵业
300305,裕兴股份
002102,ST冠福
300792,壹网壹创
300472,新元科技
002627,宜昌交运
300520,科大国创
601128,常熟银行
600926,杭州银行
600795,国电电力
600247,ST成城
600429,三元股份
002521,齐峰新材
000027,深圳能源
000989,九 芝 堂
000876,新 希 望
600835,上海机电
002167,东方锆业
002899,英派斯
300198,纳川股份
600691,阳煤化工
601636,旗滨集团
600811,东方集团
300553,集智股份
002539,云图控股
002238,天威视讯
000708,中信特钢
600281,太化股份
300357,我武生物
300125,聆达股份
002507,涪陵榨菜
300272,开能健康
600569,安阳钢铁
603214,爱婴室
002842,翔鹭钨业
002131,利欧股份
300749,顶固集创
600936,广西广电
300773,拉卡拉
603663,三祥新材
600820,隧道股份
600805,悦达投资
600275,ST昌鱼
603659,璞泰来
601939,建设银行
600833,第一医药
002427,*ST尤夫
603053,成都燃气
002765,蓝黛传动
603789,星光农机
600838,上海九百
603028,赛福天
603020,XD爱普股
002089,*ST新海
600234,ST山水
300786,国林科技
600753,XR东方银
603036,如通股份
603038,华立股份
002493,荣盛石化
603816,顾家家居
603358,华达科技
002647,仁东控股
600071,凤凰光学
603881,数据港
600559,老白干酒
300607,拓斯达
002887,绿茵生态
600518,ST康美
002398,垒知集团
002756,永兴材料
603198,迎驾贡酒
601658,邮储银行
002207,ST准油
601996,丰林集团
600012,皖通高速
600808,马钢股份
600272,开开实业
603838,四通股份
601838,成都银行
600763,通策医疗
000751,锌业股份
603661,恒林股份
600690,海尔智家
601579,会稽山
002032,苏 泊 尔
002543,万和电气
601298,青岛港
000952,广济药业
000860,顺鑫农业
002171,楚江新材
600993,马应龙
600358,*ST联合
002502,*ST鼎龙
601615,明阳智能
000861,海印股份
603605,珀莱雅
600771,广誉远
603970,中农立华
002901,大博医疗
603706,东方环宇
603180,金牌厨柜
601933,永辉超市
600861,北京城乡
002675,东诚药业
600969,郴电国际
600212,*ST江泉
300681,英搏尔
603055,台华新材
002646,青青稞酒
002410,广联达
600665,天地源
600303,曙光股份
603319,湘油泵
002695,煌上煌
002949,华阳国际
603321,梅轮电梯
300747,锐科激光
605001,威奥股份
000150,宜华健康
600130,波导股份
601009,南京银行
002228,合兴包装
601229,上海银行
603022,新通联
000869,张  裕Ａ
300642,透景生命
300180,华峰超纤
002391,长青股份
603922,金鸿顺
000088,盐 田 港
300519,新光药业
603718,海利生物
000410,*ST沈机
002361,神剑股份
300626,华瑞股份
002821,凯莱英
002290,*ST中科
000970,中科三环
002299,圣农发展
002687,乔治白
600696,ST岩石
002618,丹邦科技
000156,华数传媒
603869,新智认知
000678,襄阳轴承
600605,汇通能源
601798,蓝科高新
603995,甬金股份
300669,沪宁股份
000722,湖南发展
002114,罗平锌电
600336,澳柯玛
000657,中钨高新
002862,实丰文化
000504,*ST生物
600538,国发股份
600655,豫园股份
300797,钢研纳克
600985,淮北矿业
603031,安德利
603569,长久物流
600637,东方明珠
603199,九华旅游
002853,皮阿诺
600346,恒力石化
002880,卫光生物
603686,龙马环卫
002810,山东赫达
300347,泰格医药
002791,坚朗五金
603773,沃格光电
300757,罗博特科
688599,天合光能
688520,神州细胞
688505,复旦张江
688360,德马科技
688312,燕麦科技
688157,松井股份
688106,金宏气体
688004,博汇科技
605166,聚合顺
603725,天安新材
603717,天域生态
603200,上海洗霸
603007,花王股份
601969,海南矿业
601929,吉视传媒
601827,三峰环境
601595,上海电影
601558,退市锐电
601399,ST国重装
601299,中国北车
601268,*ST二重
601258,ST庞大
600991,广汽长丰
600978,*ST宜生
600918,中泰证券
600899,*ST信联
600891,*ST秋林
600878,*ST北科
600852,*ST中川
600849,上药转换
600842,中西药业
600840,新湖创业
600832,东方明珠
600824,益民集团
600813,ST鞍一工
600806,退市昆机
600799,*ST龙科
600788,*ST达曼
600786,东方锅炉
600772,S*ST龙昌
600762,S*ST金荔
600752,*ST哈慈
600747,退市大控
600734,实达集团
600725,ST云维
600709,ST生态
600701,*ST工新
600700,*ST数码
600680,*ST上普
600677,*ST航通
600672,*ST华圣
600670,*ST斯达
600669,*ST鞍成
600659,*ST花雕
600656,退市博元
600646,ST国嘉
600632,华联商厦
600631,百联股份
600627,上电股份
600625,PT水仙
600617,国新能源
600610,*ST毅达
600607,上实医药
600595,ST中孚
600591,*ST上航
600589,广东榕泰
600573,惠泉啤酒
600568,中珠医疗
600553,太行水泥
600485,*ST信威
600472,包头铝业
600462,*ST九有
600432,退市吉恩
600401,退市海润
600399,ST抚钢
600385,ST金泰
600357,承德钒钛
600306,*ST商城
600296,S兰铝
600286,S*ST国瓷
600280,*ST中商
600270,外运发展
600263,路桥建设
600262,北方股份
600253,天方药业
600240,退市华业
600238,ST椰岛
600227,圣济堂
600226,瀚叶股份
600205,S山东铝
600199,金种子酒
600181,S*ST云大
600175,*ST美都
600145,*ST新亿
600126,杭钢股份
600102,莱钢股份
600092,S*ST精密
600087,退市长油
600081,东风科技
600080,金花股份
600079,人福医药
600074,退市保千
600065,*ST联谊
600037,歌华有线
600010,包钢股份
600005,武钢股份
600003,ST东北高
600002,齐鲁石化
600001,邯郸钢铁
300842,帝科股份
300840,酷特智能
300839,博汇股份
300838,浙江力诺
300837,浙矿股份
300824,北鼎股份
300571,平治信息
300426,唐德影视
300372,欣泰退
300362,天翔环境
300345,红宇新材
300216,千山药机
300189,神农科技
300186,大华农
300156,神雾环保
300106,西部牧业
300104,乐视网
300028,金亚科技
002989,中天精装
002986,宇新股份
002766,*ST索菱
002711,*ST欧浦
002680,长生退
002529,*ST海源
002509,天广中茂
002477,雏鹰退
002450,*ST康得
002260,*ST德奥
002256,*ST兆新
002220,ST天宝
002143,印纪退
002090,金智科技
002075,沙钢股份
002070,众和退
002018,华信退
002005,*ST德豪
001979,招商蛇口
000995,*ST皇台
000979,中弘退
000956,中原油气
000939,*ST凯迪
000920,南方汇通
000916,华北高速
000911,*ST 南糖
000897,*ST津滨
000866,扬子石化
000832,*ST龙涤
000827,*ST长兴
000817,辽河油田
000816,ST慧业
000805,*ST炎黄
000792,*ST盐湖
000787,*ST创智
000769,*ST大菲
000765,*ST华信
000763,锦州石化
000748,长城信息
000730,*ST环保
000699,S*ST佳纸
000693,华泽退
000689,ST宏业
000675,ST银山
000670,*ST盈方
000668,荣丰控股
000660,*ST南华
000658,ST海洋
000653,ST九州
000621,*ST比特
000618,吉林化工
000612,焦作万方
000602,金马集团
000594,国恒退
000588,PT粤金曼
000583,S*ST托普
000578,盐湖集团
000569,长城股份
000562,宏源证券
000556,PT南洋
000549,S湘火炬
000542,TCL通讯
000535,*ST猴王
000527,美的电器
000522,白云山A
000515,攀渝钛业
000511,烯碳退
000508,琼民源A
000418,小天鹅A
000412,ST五环
000406,石油大明
000405,ST鑫光
000155,川能动力
000047,ST中侨
000033,新都退
000029,深深房Ａ
000024,招商地产
000018,神城A退
000015,PT中浩A
000013,*ST石化A
000003,PT金田A
300558,贝达药业
300486,东杰智能
300363,博腾股份
603899,晨光文具
300530,达志科技
300391,康跃科技
603708,家家悦
603456,九洲药业
002760,凤形股份
000762,西藏矿业
002714,牧原股份
603499,翔港科技
002677,浙江美大
002697,红旗连锁
002572,索菲亚
000837,*ST秦机
603517,绝味食品
002378,章源钨业
000010,*ST美丽
603991,至正股份
000752,*ST西发
002557,洽洽食品
002058,威 尔 泰
002774,快意电梯
600163,中闽能源
600860,*ST京城
603595,东尼电子
600549,厦门钨业
603637,镇海股份
603818,曲美家居
000571,*ST大洲
000707,ST双环
600448,华纺股份
600523,贵航股份
603195,XD公牛集
600209,ST罗顿
600615,丰华股份
600992,贵绳股份
002259,*ST升达
603700,宁水集团
002671,龙泉股份
600348,XD阳泉煤
000541,佛山照明
600111,北方稀土
600679,上海凤凰
601100,恒立液压
600841,上柴股份
002251,步 步 高
600872,中炬高新
603076,乐惠国际
600298,安琪酵母
600151,航天机电
002800,天顺股份
600686,金龙汽车
002186,全 聚 德
000701,厦门信达
002418,*ST康盛
600392,盛和资源
600366,宁波韵升
603919,金徽酒
300010,立思辰
002200,*ST云投
603737,三棵树
000981,ST银亿
300093,金刚玻璃
600246,万通地产
300741,华宝股份
000539,粤电力Ａ
000758,中色股份
601008,连云港
600215,*ST经开
600980,北矿科技
603027,千禾味业
600634,*ST富控
600331,宏达股份
300469,信息发展
300127,银河磁体
601777,力帆股份
002289,*ST宇顺
000681,视觉中国
600982,宁波热电
600132,重庆啤酒
600059,古越龙山
300008,天海防务
600856,*ST中天
600239,云南城投
002297,博云新材
603883,老百姓
600822,上海物贸
603515,欧普照明
600220,江苏阳光
300280,紫天科技
002753,永东股份
000688,国城矿业
300428,四通新材
002057,中钢天源
600593,大连圣亚
002841,视源股份
000831,五矿稀土
600486,扬农化工
002501,*ST利源
002816,和科达
603668,天马科技
603223,XD恒通股
600060,海信视像
603987,康德莱
300551,古鳌科技
002940,昂利康
603707,健友股份
300748,金力永磁
002890,弘宇股份
603363,傲农生物
603937,丽岛新材
603701,德宏股份
300168,万达信息
002988,豪美新材
600259,广晟有色
600687,*ST刚泰
002727,一心堂
002333,*ST罗普
300482,万孚生物
600793,宜宾纸业
603222,济民制药
000760,*ST斯太
000423,东阿阿胶
601609,金田铜业
600721,ST百花
000803,*ST金宇
002717,岭南股份
300636,同和药业
002311,海大集团
300489,中飞股份
300830,金现代
603755,日辰股份
600532,宏达矿业
002568,百润股份
600333,长春燃气
002620,瑞和股份
300601,康泰生物
002778,高科石化
600777,新潮能源
601778,晶科科技
002745,木林森
000695,滨海能源
600255,*ST梦舟
002911,佛燃能源
600816,*ST安信
600817,ST宏盛
600575,淮河能源
603316,诚邦股份
603388,元成股份
603356,华菱精工
603950,长源东谷
300211,亿通科技
603879,永悦科技
002634,棒杰股份
002604,龙力退
